"0","encuesta_salud_train_csv <- read.csv(""datasets/encuesta_salud_train.csv"")"
"0","glimpse(encuesta_salud_train_csv)"
"1","Rows: 7,024"
"1",""
"1","
"
"1","Columns: 16"
"1",""
"1","
"
"1","$ record                        [3m[38;5;246m<int>[39m[23m 502, 26488, 31473, 14154, 36578, 53730, 11892, 35549, 14928, 11754, 40850, 11‚Ä¶
$ edad                          [3m[38;5;246m<int>[39m[23m 17, 15, 15, 16, 17, 15, 13, 17, 17, 16, 16, 14, 15, 17, 15, 14, 15, 17, 17, 1‚Ä¶
$ genero                        [3m[38;5;246m<chr>[39m[23m ""Femenino"", ""Masculino"", ""Masculino"", ""Masculino"", ""Masculino"", ""Masculino"", ‚Ä¶
$ nivel_educativo               [3m[38;5;246m<chr>[39m[23m ""2do a√±o/11vo grado nivel Polimodal o 4to a√±o nivel Secundario"", ""1er a√±o/10m‚Ä¶
$ altura                        [3m[38;5;246m<int>[39m[23m 165, 178, 172, 170, 170, 178, 156, 163, 164, 167, 185, 146, 180, 175, 183, 16‚Ä¶
$ peso                          [3m[38;5;246m<int>[39m[23m 62, 62, 62, 65, 75, 88, 46, 60, 57, 51, 100, 33, 62, 70, 80, 60, 47, 50, 50, ‚Ä¶
$ frecuencia_hambre_mensual     [3m[38;5;246m<chr>[39m[23m ""Rara vez"", ""Rara vez"", ""Nunca"", ""Nunca"", ""Rara vez"", ""Nunca"", ""Nunca"", ""Nunc‚Ä¶
$ dias_consumo_comida_rapida    [3m[38;5;246m<int>[39m[23m 0, 0, 3, 1, 1, 2, 0, 0, 0, 3, 4, 2, 1, 1, 3, 0, 0, 0, 0, 1, 0, 6, 0, 1, 0, 2,‚Ä¶
$ edad_consumo_alcohol          [3m[38;5;246m<chr>[39m[23m ""14 o 15 a√±os"", ""7 a√±os o menos"", ""Nunca tom√© alcohol m√°s que unos pocos sorb‚Ä¶
$ consumo_diario_alcohol        [3m[38;5;246m<dbl>[39m[23m 5.0, 4.0, 0.0, 0.0, 0.0, 5.0, 1.0, 0.5, 5.0, 0.0, 5.0, 0.0, 0.0, 2.0, 1.0, 0.‚Ä¶
$ dias_actividad_fisica_semanal [3m[38;5;246m<int>[39m[23m 7, 7, 7, 7, 0, 7, 0, 2, 7, 3, 2, 2, 7, 1, 4, 0, 1, 6, 5, 7, 3, 0, 7, 5, 2, 2,‚Ä¶
$ consumo_semanal_frutas        [3m[38;5;246m<chr>[39m[23m ""No com√≠ frutas durante los √∫ltimos 7 d√≠as"", ""No com√≠ frutas durante los √∫lti‚Ä¶
$ consumo_semanal_verdura       [3m[38;5;246m<chr>[39m[23m ""4 a 6 veces durante los √∫ltimos 7 d√≠as"", ""4 a 6 veces durante los √∫ltimos 7 ‚Ä¶
$ consumo_semanal_gaseosas      [3m[38;5;246m<chr>[39m[23m ""1 a 3 veces durante los √∫ltimos 7 d√≠as"", ""1 a 3 veces durante los √∫ltimos 7 ‚Ä¶
$ consumo_semanal_snacks        [3m[38;5;246m<chr>[39m[23m ""1 a 3 veces durante los √∫ltimos 7 d√≠as"", ""No com√≠ comida salada o snacks en ‚Ä¶
$ consumo_semanal_comida_grasa  [3m[38;5;246m<chr>[39m[23m ""No com√≠ comida alta en grasa en los √∫ltimos 7 d√≠as"", ""4 a 6 veces durante lo‚Ä¶"
"1",""
"1","
"
